USE main_db;
INSERT INTO pos VALUES('9bce8d58-dd6e-4c44-95ac-ee30e92a1b5e','&unc;');
INSERT INTO gloss VALUES('1deea6f2-290b-4948-b93f-1dc18548dfae','repetition mark in katakana');
INSERT INTO JMdict VALUES('1000000','NULL','ヽ','0');
INSERT INTO pos VALUES('bcc90724-a3d9-4976-a957-a2e65a33c36b','&unc;');
INSERT INTO gloss VALUES('4ad7c78d-0978-40ab-9429-a94392a3faec','voiced repetition mark in katakana');
INSERT INTO JMdict VALUES('1000010','NULL','ヾ','0');
INSERT INTO pos VALUES('7ca25d5a-4688-4d51-bf47-1e7baf9f8200','&unc;');
INSERT INTO gloss VALUES('90bebef8-d367-42c5-a5fc-3bc9ceb73557','repetition mark in hiragana');
INSERT INTO JMdict VALUES('1000020','NULL','ゝ','0');
INSERT INTO pos VALUES('348f650c-2b41-4e15-9d96-321ecc35704c','&unc;');
INSERT INTO gloss VALUES('6d25d0b0-a777-410c-8ae2-6b34302ac906','voiced repetition mark in hiragana');
INSERT INTO JMdict VALUES('1000030','NULL','ゞ','0');
INSERT INTO pos VALUES('62334d3a-5112-4a83-b0d6-106f36d12e82','&n;');
INSERT INTO gloss VALUES('3d09031d-a6b3-4128-b99a-c1e3f6bd858e','ditto mark');
INSERT INTO JMdict VALUES('1000040','〃','おなじ','0');
INSERT INTO pos VALUES('f11d6570-3bc3-420a-9701-3088ba979c50','&n;');
INSERT INTO gloss VALUES('94b5700a-ec6d-4d1d-b4a0-cce7a87495d2','"as above" mark');
INSERT INTO JMdict VALUES('1000050','仝','どうじょう','0');
INSERT INTO pos VALUES('efed4c05-0d1e-42c1-9536-e05f5c02cb9c','&n;');
INSERT INTO gloss VALUES('4e1af99e-299d-42bd-87be-cfaf815e1ed7','kanji iteration mark');
INSERT INTO JMdict VALUES('1000060','々','のま','0');
INSERT INTO pos VALUES('518f2cf0-c7cf-4df6-94b2-6ba19bede237','&n;');
INSERT INTO gloss VALUES('cfb26532-375f-47aa-b342-5a8b33d76972','"kanji" zero');
INSERT INTO JMdict VALUES('1000080','漢数字ゼロ','かんすうじゼロ','0');
INSERT INTO pos VALUES('d9368e6e-b1cf-41d3-ad1d-9c3d904e4e18','&n;');
INSERT INTO gloss VALUES('a01898cc-99b0-4ac3-9a1f-4c2127916f44','circle (sometimes used for zero)');
INSERT INTO JMdict VALUES('1000090','○','まる','0');
INSERT INTO pos VALUES('ad2b5cd7-961c-4bbc-9709-429f9be03463','&n;');
INSERT INTO gloss VALUES('e541bc36-a9c1-4ad2-8ce5-eb4d3a8da540','alphabetical order');
INSERT INTO JMdict VALUES('1000100','ＡＢＣ順','エービーシーじゅん','0');
INSERT INTO pos VALUES('b40c7452-0f9b-43f2-b952-9940cfb09a3e','&n;');
INSERT INTO gloss VALUES('1288eb47-a06f-43cf-b0cf-38d6f73e9460','CD player');
INSERT INTO JMdict VALUES('1000110','ＣＤプレーヤー','シーディープレーヤー','0');
INSERT INTO pos VALUES('5891798d-bfbb-4556-a87d-f7a49fc2ce35','&n;');
INSERT INTO gloss VALUES('22fec4fd-2eec-4936-967c-81bbdc084756','NHK Symphony Orchestra');
INSERT INTO JMdict VALUES('1000130','Ｎ響','エヌきょう','0');
INSERT INTO pos VALUES('c49b21d1-e53c-4401-a459-735330d113f8','&n;');
INSERT INTO gloss VALUES('8865cf91-7543-41e9-b182-8ba01aa1c78d','O-back');
INSERT INTO gloss VALUES('c4ea41a6-c2b5-4e44-af8b-1bca17fabc53','skirt with peek-a-boo hole in rump');
INSERT INTO JMdict VALUES('1000140','Ｏバック','オーバック','0');
INSERT INTO pos VALUES('abdd7b8d-9abb-4cd0-81f1-0f29773b243e','&n;');
INSERT INTO gloss VALUES('7a30b92d-4eec-4d21-8289-58810e5bb893','rs232 cable');
INSERT INTO JMdict VALUES('1000150','ＲＳ２３２ケーブル','アールエスにさんにケーブル','0');
INSERT INTO pos VALUES('fe484cab-1e1a-4e7a-bc67-c19e13d9b0d0','&n;');
INSERT INTO gloss VALUES('18ea0c09-ea42-4911-866a-fa600821c506','T-shirt');
INSERT INTO JMdict VALUES('1000160','Ｔシャツ','ティーシャツ','0');
INSERT INTO pos VALUES('4e599af6-c3c1-4c08-afd7-5a484e31f485','&n;');
INSERT INTO gloss VALUES('4cca2911-8f93-4228-be8c-fb181d2b8f21','T-back');
INSERT INTO gloss VALUES('2436002d-4949-4a60-920c-0b84386c9466','bikini thong');
INSERT INTO JMdict VALUES('1000170','Ｔバック','ティーバック','0');
INSERT INTO pos_word VALUES('1000000','9bce8d58-dd6e-4c44-95ac-ee30e92a1b5e');
INSERT INTO gloss_word VALUES('1000000','1deea6f2-290b-4948-b93f-1dc18548dfae');
INSERT INTO pos_word VALUES('1000010','bcc90724-a3d9-4976-a957-a2e65a33c36b');
INSERT INTO gloss_word VALUES('1000010','4ad7c78d-0978-40ab-9429-a94392a3faec');
INSERT INTO pos_word VALUES('1000020','7ca25d5a-4688-4d51-bf47-1e7baf9f8200');
INSERT INTO gloss_word VALUES('1000020','90bebef8-d367-42c5-a5fc-3bc9ceb73557');
INSERT INTO pos_word VALUES('1000030','348f650c-2b41-4e15-9d96-321ecc35704c');
INSERT INTO gloss_word VALUES('1000030','6d25d0b0-a777-410c-8ae2-6b34302ac906');
INSERT INTO pos_word VALUES('1000040','62334d3a-5112-4a83-b0d6-106f36d12e82');
INSERT INTO gloss_word VALUES('1000040','3d09031d-a6b3-4128-b99a-c1e3f6bd858e');
INSERT INTO pos_word VALUES('1000050','f11d6570-3bc3-420a-9701-3088ba979c50');
INSERT INTO gloss_word VALUES('1000050','94b5700a-ec6d-4d1d-b4a0-cce7a87495d2');
INSERT INTO pos_word VALUES('1000060','efed4c05-0d1e-42c1-9536-e05f5c02cb9c');
INSERT INTO gloss_word VALUES('1000060','4e1af99e-299d-42bd-87be-cfaf815e1ed7');
INSERT INTO pos_word VALUES('1000080','518f2cf0-c7cf-4df6-94b2-6ba19bede237');
INSERT INTO gloss_word VALUES('1000080','cfb26532-375f-47aa-b342-5a8b33d76972');
INSERT INTO pos_word VALUES('1000090','d9368e6e-b1cf-41d3-ad1d-9c3d904e4e18');
INSERT INTO gloss_word VALUES('1000090','a01898cc-99b0-4ac3-9a1f-4c2127916f44');
INSERT INTO pos_word VALUES('1000100','ad2b5cd7-961c-4bbc-9709-429f9be03463');
INSERT INTO gloss_word VALUES('1000100','e541bc36-a9c1-4ad2-8ce5-eb4d3a8da540');
INSERT INTO pos_word VALUES('1000110','b40c7452-0f9b-43f2-b952-9940cfb09a3e');
INSERT INTO gloss_word VALUES('1000110','1288eb47-a06f-43cf-b0cf-38d6f73e9460');
INSERT INTO pos_word VALUES('1000130','5891798d-bfbb-4556-a87d-f7a49fc2ce35');
INSERT INTO gloss_word VALUES('1000130','22fec4fd-2eec-4936-967c-81bbdc084756');
INSERT INTO pos_word VALUES('1000140','c49b21d1-e53c-4401-a459-735330d113f8');
INSERT INTO gloss_word VALUES('1000140','8865cf91-7543-41e9-b182-8ba01aa1c78d');
INSERT INTO gloss_word VALUES('1000140','c4ea41a6-c2b5-4e44-af8b-1bca17fabc53');
INSERT INTO pos_word VALUES('1000150','abdd7b8d-9abb-4cd0-81f1-0f29773b243e');
INSERT INTO gloss_word VALUES('1000150','7a30b92d-4eec-4d21-8289-58810e5bb893');
INSERT INTO pos_word VALUES('1000160','fe484cab-1e1a-4e7a-bc67-c19e13d9b0d0');
INSERT INTO gloss_word VALUES('1000160','18ea0c09-ea42-4911-866a-fa600821c506');
INSERT INTO pos_word VALUES('1000170','4e599af6-c3c1-4c08-afd7-5a484e31f485');
INSERT INTO gloss_word VALUES('1000170','4cca2911-8f93-4228-be8c-fb181d2b8f21');
INSERT INTO gloss_word VALUES('1000170','2436002d-4949-4a60-920c-0b84386c9466');
INSERT INTO pos_word VALUES('1000200','a76f231e-d476-4783-a463-e459997d61c8');
INSERT INTO pos_word VALUES('1000200','ac849249-3eec-4b7d-8d73-c12d251f22f2');
INSERT INTO gloss_word VALUES('1000200','6feec81a-d5fe-4ded-8120-9ed919114416');
INSERT INTO gloss_word VALUES('1000200','647f871c-4ff0-4cb9-be20-c02338140d24');
INSERT INTO gloss_word VALUES('1000200','ab8cf881-70c7-4cd2-b005-3fda733f2d59');
INSERT INTO pos_word VALUES('1000210','645661b2-3f3d-4898-9b96-37c5e12fa41d');
INSERT INTO gloss_word VALUES('1000210','1a3c103f-9740-4cab-a942-6039c0009352');
INSERT INTO pos_word VALUES('1000220','92bb1cd7-a44e-45e3-9923-0e0408e00f40');
INSERT INTO gloss_word VALUES('1000220','f32299be-3d5f-4681-9b72-685f18c38f7e');
INSERT INTO gloss_word VALUES('1000220','4e5b6be2-7722-4bca-a7cd-e257c91c94f7');
INSERT INTO gloss_word VALUES('1000220','1a0229cf-0076-465d-a66a-380d25563ab8');
INSERT INTO gloss_word VALUES('1000220','06f4420f-dc04-47a1-98c0-f4fdae1f94db');
INSERT INTO gloss_word VALUES('1000220','ab215508-0ee6-40cc-8d81-4efa9da05848');
INSERT INTO gloss_word VALUES('1000220','74b5918a-017b-4355-b77a-60d49a266be1');
INSERT INTO gloss_word VALUES('1000220','38b20fe8-6255-4089-aa18-4d698763cc25');
INSERT INTO pos_word VALUES('1000225','3186147d-b203-4320-9138-788690d2f40f');
INSERT INTO pos_word VALUES('1000225','649b6971-fa7f-42e0-84e5-681bdb77d39d');
INSERT IGNORE INTO list VALUES('JLPT N2','Vocabulary from www.jlptstudy.net by Peter van der Woude');
INSERT IGNORE INTO list_word VALUES('2394370','JLPT N2');
INSERT IGNORE INTO list_word VALUES('2085080','JLPT N2');
INSERT IGNORE INTO list_word VALUES('1150410','JLPT N2');
INSERT IGNORE INTO list_word VALUES('2691630','JLPT N2');
INSERT IGNORE INTO list_word VALUES('1151120','JLPT N2');
INSERT IGNORE INTO list_word VALUES('1150860','JLPT N2');
INSERT IGNORE INTO list_word VALUES('1284930','JLPT N2');
INSERT IGNORE INTO list_word VALUES('1013980','JLPT N2');
INSERT IGNORE INTO list_word VALUES('1150450','JLPT N2');
INSERT IGNORE INTO list_word VALUES('1215230','JLPT N2');
INSERT IGNORE INTO list_word VALUES('1401000','JLPT N2');
INSERT IGNORE INTO list_word VALUES('1014590','JLPT N2');
INSERT IGNORE INTO list_word VALUES('1284430','JLPT N2');
INSERT IGNORE INTO list_word VALUES('1198180','JLPT N2');
INSERT IGNORE INTO list_word VALUES('1014680','JLPT N2');
INSERT IGNORE INTO list_word VALUES('1381380','JLPT N2');
INSERT IGNORE INTO list_word VALUES('1381390','JLPT N2');
INSERT IGNORE INTO list_word VALUES('1609000','JLPT N2');
INSERT IGNORE INTO list_word VALUES('1381760','JLPT N2');
INSERT IGNORE INTO list_word VALUES('2013900','JLPT N2');
INSERT IGNORE INTO list_word VALUES('1383240','JLPT N2');
INSERT IGNORE INTO list_word VALUES('1586210','JLPT N2');
INSERT IGNORE INTO list VALUES('JLPT N4','Vocabulary from www.jlptstudy.net by Peter van der Woude');
INSERT IGNORE INTO list_word VALUES('2085080','JLPT N4');
INSERT IGNORE INTO list_word VALUES('1215230','JLPT N4');
INSERT IGNORE INTO list_word VALUES('1284430','JLPT N4');
INSERT IGNORE INTO list_word VALUES('1352290','JLPT N4');
INSERT IGNORE INTO list_word VALUES('1383310','JLPT N4');
INSERT IGNORE INTO list_word VALUES('1015220','JLPT N4');
INSERT IGNORE INTO list_word VALUES('1390800','JLPT N4');
INSERT IGNORE INTO list_word VALUES('1526960','JLPT N4');
INSERT IGNORE INTO list_word VALUES('1542070','JLPT N4');
INSERT IGNORE INTO list_word VALUES('1333560','JLPT N4');
INSERT IGNORE INTO list_word VALUES('1017330','JLPT N4');
INSERT IGNORE INTO list_word VALUES('1323010','JLPT N4');
INSERT IGNORE INTO list_word VALUES('1019280','JLPT N4');
INSERT IGNORE INTO list_word VALUES('1019420','JLPT N4');
INSERT IGNORE INTO list_word VALUES('1153890','JLPT N4');
INSERT IGNORE INTO list_word VALUES('1153930','JLPT N4');
INSERT IGNORE INTO list_word VALUES('1000590','JLPT N4');
INSERT IGNORE INTO list_word VALUES('1155060','JLPT N4');
INSERT IGNORE INTO list_word VALUES('1155090','JLPT N4');
INSERT IGNORE INTO list VALUES('JLPT N5','Vocabulary from www.jlptstudy.net by Peter van der Woude');
INSERT IGNORE INTO list_word VALUES('2085080','JLPT N5');
INSERT IGNORE INTO list_word VALUES('1198180','JLPT N5');
INSERT IGNORE INTO list_word VALUES('1381380','JLPT N5');
INSERT IGNORE INTO list_word VALUES('1381390','JLPT N5');
INSERT IGNORE INTO list_word VALUES('2013900','JLPT N5');
INSERT IGNORE INTO list_word VALUES('1383240','JLPT N5');
INSERT IGNORE INTO list_word VALUES('1532350','JLPT N5');
INSERT IGNORE INTO list_word VALUES('1332650','JLPT N5');
INSERT IGNORE INTO list_word VALUES('1586270','JLPT N5');
INSERT IGNORE INTO list_word VALUES('1202450','JLPT N5');
