USE main_db;
INSERT INTO pos VALUES('9bce8d58-dd6e-4c44-95ac-ee30e92a1b5e','&unc;');
INSERT INTO gloss VALUES('1deea6f2-290b-4948-b93f-1dc18548dfae','repetition mark in katakana');
INSERT INTO JMdict VALUES('1000000','NULL','ヽ','0');
INSERT INTO pos VALUES('bcc90724-a3d9-4976-a957-a2e65a33c36b','&unc;');
INSERT INTO gloss VALUES('4ad7c78d-0978-40ab-9429-a94392a3faec','voiced repetition mark in katakana');
INSERT INTO JMdict VALUES('1000010','NULL','ヾ','0');
INSERT INTO pos VALUES('7ca25d5a-4688-4d51-bf47-1e7baf9f8200','&unc;');
INSERT INTO gloss VALUES('90bebef8-d367-42c5-a5fc-3bc9ceb73557','repetition mark in hiragana');
INSERT INTO JMdict VALUES('1000020','NULL','ゝ','0');
INSERT INTO pos VALUES('348f650c-2b41-4e15-9d96-321ecc35704c','&unc;');
INSERT INTO gloss VALUES('6d25d0b0-a777-410c-8ae2-6b34302ac906','voiced repetition mark in hiragana');
INSERT INTO JMdict VALUES('1000030','NULL','ゞ','0');
INSERT INTO pos VALUES('62334d3a-5112-4a83-b0d6-106f36d12e82','&n;');
INSERT INTO gloss VALUES('3d09031d-a6b3-4128-b99a-c1e3f6bd858e','ditto mark');
INSERT INTO JMdict VALUES('1000040','〃','おなじ','0');
INSERT INTO pos VALUES('f11d6570-3bc3-420a-9701-3088ba979c50','&n;');
INSERT INTO gloss VALUES('94b5700a-ec6d-4d1d-b4a0-cce7a87495d2','"as above" mark');
INSERT INTO JMdict VALUES('1000050','仝','どうじょう','0');
INSERT INTO pos VALUES('efed4c05-0d1e-42c1-9536-e05f5c02cb9c','&n;');
INSERT INTO gloss VALUES('4e1af99e-299d-42bd-87be-cfaf815e1ed7','kanji iteration mark');
INSERT INTO JMdict VALUES('1000060','々','のま','0');
INSERT INTO pos VALUES('518f2cf0-c7cf-4df6-94b2-6ba19bede237','&n;');
INSERT INTO gloss VALUES('cfb26532-375f-47aa-b342-5a8b33d76972','"kanji" zero');
INSERT INTO JMdict VALUES('1000080','漢数字ゼロ','かんすうじゼロ','0');
INSERT INTO pos VALUES('d9368e6e-b1cf-41d3-ad1d-9c3d904e4e18','&n;');
INSERT INTO gloss VALUES('a01898cc-99b0-4ac3-9a1f-4c2127916f44','circle (sometimes used for zero)');
INSERT INTO JMdict VALUES('1000090','○','まる','0');
INSERT INTO pos VALUES('ad2b5cd7-961c-4bbc-9709-429f9be03463','&n;');
INSERT INTO gloss VALUES('e541bc36-a9c1-4ad2-8ce5-eb4d3a8da540','alphabetical order');
INSERT INTO JMdict VALUES('1000100','ＡＢＣ順','エービーシーじゅん','0');
INSERT INTO pos VALUES('b40c7452-0f9b-43f2-b952-9940cfb09a3e','&n;');
INSERT INTO gloss VALUES('1288eb47-a06f-43cf-b0cf-38d6f73e9460','CD player');
INSERT INTO JMdict VALUES('1000110','ＣＤプレーヤー','シーディープレーヤー','0');
INSERT INTO pos VALUES('5891798d-bfbb-4556-a87d-f7a49fc2ce35','&n;');
INSERT INTO gloss VALUES('22fec4fd-2eec-4936-967c-81bbdc084756','NHK Symphony Orchestra');
INSERT INTO JMdict VALUES('1000130','Ｎ響','エヌきょう','0');
INSERT INTO pos VALUES('c49b21d1-e53c-4401-a459-735330d113f8','&n;');
INSERT INTO gloss VALUES('8865cf91-7543-41e9-b182-8ba01aa1c78d','O-back');
INSERT INTO gloss VALUES('c4ea41a6-c2b5-4e44-af8b-1bca17fabc53','skirt with peek-a-boo hole in rump');
INSERT INTO JMdict VALUES('1000140','Ｏバック','オーバック','0');
INSERT INTO pos VALUES('abdd7b8d-9abb-4cd0-81f1-0f29773b243e','&n;');
INSERT INTO gloss VALUES('7a30b92d-4eec-4d21-8289-58810e5bb893','rs232 cable');
INSERT INTO JMdict VALUES('1000150','ＲＳ２３２ケーブル','アールエスにさんにケーブル','0');
INSERT INTO pos VALUES('fe484cab-1e1a-4e7a-bc67-c19e13d9b0d0','&n;');
INSERT INTO gloss VALUES('18ea0c09-ea42-4911-866a-fa600821c506','T-shirt');
INSERT INTO JMdict VALUES('1000160','Ｔシャツ','ティーシャツ','0');
INSERT INTO pos VALUES('4e599af6-c3c1-4c08-afd7-5a484e31f485','&n;');
INSERT INTO gloss VALUES('4cca2911-8f93-4228-be8c-fb181d2b8f21','T-back');
INSERT INTO gloss VALUES('2436002d-4949-4a60-920c-0b84386c9466','bikini thong');
INSERT INTO JMdict VALUES('1000170','Ｔバック','ティーバック','0');
INSERT INTO JMdict VALUES('2839938','鮭缶','さけかん','0');
INSERT INTO pos VALUES('a0be6464-0bb2-443b-8649-3d112326615e','&n;');
INSERT INTO gloss VALUES('63e9334b-7148-412b-8e00-7e4ae8f72ea0','tinned tuna');
INSERT INTO gloss VALUES('3d272ea7-8f96-450c-873d-1e11750e9669','canned tuna');
INSERT INTO JMdict VALUES('2839939','ツナ缶','ツナかん','0');
INSERT INTO pos VALUES('6fe58992-c75f-483b-b7bf-ea4319ebd579','&n;');
INSERT INTO gloss VALUES('431e9f8c-0be8-4180-97c1-cc6aaaaa0396','triangular tin');
INSERT INTO gloss VALUES('2ef417f2-0063-433c-8af2-2d0a159b4775','triangular can');
INSERT INTO JMdict VALUES('2839940','三角カン','さんかくカン','0');
INSERT INTO pos VALUES('6a009aaf-1c49-4722-a02e-19f4d3c26c33','&n;');
INSERT INTO gloss VALUES('28f73d8b-8d61-4c19-9294-5ef316b76314','cedar board');
INSERT INTO JMdict VALUES('2839941','杉板','すぎいた','0');
INSERT INTO pos VALUES('07ebc431-d6d0-413e-a565-006cf8259a25','&n;');
INSERT INTO gloss VALUES('02ee4f4e-72e7-45ca-82b7-9128981d2357','disregarding strategy and using brute force');
INSERT INTO JMdict VALUES('2839942','力攻め','ちからぜめ','0');
INSERT INTO pos VALUES('edf9c50e-b65b-42fd-a7aa-9c1162240fea','&adj-no;');
INSERT INTO gloss VALUES('6e2bb757-d8a3-4374-9cb9-686d85a1947a','outside ones jurisdiction');
INSERT INTO JMdict VALUES('2839943','管轄外','かんかつがい','0');
INSERT INTO pos VALUES('f98b89c5-74dd-42d0-ab84-827184eb5e21','&exp;');
INSERT INTO pos VALUES('8dfaa53a-f1c9-4b21-b0a8-7ca1b1c3dea1','&v1;');
INSERT INTO gloss VALUES('95f70830-f0b7-4c42-9087-f9618e05daa3','to try to unsettle someone');
INSERT INTO gloss VALUES('c8e9eda1-13af-47d2-98c0-133d10cc1f68','to throw off balance');
INSERT INTO JMdict VALUES('2839944','揺さぶりをかける','ゆさぶりをかける','0');
INSERT INTO pos VALUES('1e0a1c34-c3a6-4f55-8745-2a20c87b8a50','&adj-na;');
INSERT INTO gloss VALUES('d661e9a0-9d18-44a8-a414-63ae2960af43','integral');
INSERT INTO gloss VALUES('761abd77-e0be-4cef-8b23-6ab68f5b5ad0','integrated');
INSERT INTO gloss VALUES('d010050e-2a5c-4863-ae6a-6ee3a2ad229d','seamless');
INSERT INTO gloss VALUES('a99b92a4-65c5-4b48-9cdb-187de10651fb','complete');
INSERT INTO gloss VALUES('612d14b6-1983-4c01-89e6-754de2735bef','unified');
INSERT INTO JMdict VALUES('2839947','一体的','いったいてき','0');
INSERT INTO pos VALUES('86ea001e-180d-488c-a6ed-12aa0ccc448b','&n;');
INSERT INTO pos VALUES('ca9ee9e1-833a-462a-a304-c233677c8b2b','&adj-no;');
INSERT INTO gloss VALUES('f0c54152-a774-4514-b2f0-317fc949e876','winning favor or influence using someone elses property');
INSERT INTO gloss VALUES('dcea240d-51bd-405f-bb16-af5cffd1e59b','plagiarism');
INSERT INTO gloss VALUES('98b60d95-89c5-4c0a-963a-4718dd8cb4ce','presenting the Buddha with borrowed flowers');
INSERT INTO JMdict VALUES('2839948','借花献仏','しゃっかけんぶつ','0');
INSERT INTO pos VALUES('09738b7d-1991-4b18-a2b1-8d69de5802c1','&n;');
INSERT INTO gloss VALUES('9c6855f3-5f43-4ea6-b3d5-3ec8e1484657','dense fog');
INSERT INTO gloss VALUES('25c83b1d-ac0f-47d8-8300-5c966aefa856','dense mist');
INSERT INTO JMdict VALUES('2839949','濛気','もうき','0');
INSERT INTO pos VALUES('ab118ab8-2473-4f8d-9c53-bba4eba6c6a4','&n;');
INSERT INTO gloss VALUES('7be07886-4ffd-451d-b509-5b583ec05360','magnet');
INSERT INTO JMdict VALUES('2839950','玄石','げんせき','0');
INSERT INTO pos VALUES('70760ba9-6fff-4166-8c66-877281fc2d16','&n;');
INSERT INTO gloss VALUES('1f692e01-ea16-42f8-959b-c9194c115189','world peace');
INSERT INTO gloss VALUES('11b86bfc-6c52-4df3-8db2-00b87d4579f2','everyone living peacefully together');
INSERT INTO JMdict VALUES('2839951','万民太平','ばんみんたいへい','0');
INSERT INTO pos VALUES('e7583c87-9dd2-408f-95ea-db821228b1b5','&exp;');
INSERT INTO gloss VALUES('124d2aeb-4157-4982-a74f-7bc4853575b1','Save As (command in the File menu)');
INSERT INTO JMdict VALUES('2839952','別名で保存','べつめいでほぞん','0');
INSERT INTO pos VALUES('9f1c7967-4940-4fa3-822f-c55230e395b3','&exp;');
INSERT INTO gloss VALUES('6238597f-0fcc-4dee-9e79-97368e25fe00','putting that aside');
INSERT INTO gloss VALUES('8b8b8b70-4d9d-4a7a-9e2a-25f3b331470b','that said');
INSERT INTO gloss VALUES('fc1cacac-d710-487a-a4cb-84ab36421273','apart from that');
INSERT INTO gloss VALUES('f1311937-3e87-4f74-a781-6f81d48e3f13','anyway');
INSERT INTO gloss VALUES('39e7933c-2757-4e73-9014-6ebb9ad25e51','be that as it may');
INSERT INTO JMdict VALUES('2839953','NULL','それはそれとして','0');
INSERT INTO pos VALUES('d0aa6893-0d7d-4222-ad43-b06ed7746c32','&n;');
INSERT INTO gloss VALUES('1e98f21e-842e-4a50-96b9-c2c4015df715','urban development');
INSERT INTO JMdict VALUES('2839954','都市開発','としかいはつ','0');
INSERT INTO pos VALUES('203cf276-4b2c-40f0-b08e-5861391c8050','&n;');
INSERT INTO gloss VALUES('9c5efcc1-c771-4701-bfed-56ff69b55b55','spearman');
INSERT INTO JMdict VALUES('2839955','槍使い','やりつかい','0');
INSERT INTO pos VALUES('41733791-4b4a-4e20-ae1c-6e9d7c9282ae','&n;');
INSERT INTO gloss VALUES('34faca37-cec3-466e-ab2e-e8c346d97c2c','order to go into battle');
INSERT INTO JMdict VALUES('2839956','陣触れ','じんぶれ','0');
INSERT INTO pos VALUES('52a31626-fbf3-4b9c-b3f1-036d541f7123','&exp;');
INSERT INTO gloss VALUES('8d6971b7-84d3-455a-b29d-76eadedb2f43','prosperity to the emperor');
INSERT INTO gloss VALUES('8de56581-ac67-4ca9-b315-4b224151a958','message welcoming a new imperial era');
INSERT INTO JMdict VALUES('2839957','天皇弥栄','すめらぎいやさか','0');
INSERT INTO pos VALUES('faa88d8e-caf3-459e-86ed-9317eedfaf4e','&n;');
INSERT INTO gloss VALUES('a4832dea-b8f3-4e14-8642-5704656c3a36','grandpa');
INSERT INTO gloss VALUES('cbc04cd4-d096-4c1c-93be-1a4c27e455c5','gramps');
INSERT INTO JMdict VALUES('2839958','お爺ちゃま','おじいちゃま','0');
INSERT INTO pos VALUES('12e8d4d5-7877-4954-b28f-1e48126744e0','&n;');
INSERT INTO gloss VALUES('da625f19-c19b-418b-8954-825fd2bf18da','grandma');
INSERT INTO gloss VALUES('eed2b1a2-1449-4dc9-bd82-0a32ce708a26','granny');
INSERT INTO JMdict VALUES('2839959','お祖母ちゃま','おばあちゃま','0');
INSERT INTO pos VALUES('adc6d627-a7a7-45bf-b533-5e72830b7a38','&exp;');
INSERT INTO pos VALUES('1310d7fb-d829-4b37-a3c7-2319ff2e41ff','&n;');
INSERT INTO gloss VALUES('f511c982-089d-4e85-8714-7d22878fb0e4','modesty');
INSERT INTO gloss VALUES('7d512aea-70ca-404b-bf5c-74d0420c5617','humility');
INSERT INTO gloss VALUES('abc803f4-5393-495e-91d6-4451c542354a','frankness');
INSERT INTO gloss VALUES('85439a21-0da1-448d-83a4-18a83f2ec6fe','honesty');
INSERT INTO JMdict VALUES('2839960','ほんの気持ち','ほんのきもち','0');
INSERT INTO pos VALUES('8b4eb3d0-a9cb-4816-9fea-abe31cfed20f','&exp;');
INSERT INTO pos VALUES('fe3ad592-6e5c-430a-9f04-7d598fb22ba3','&n;');
INSERT INTO gloss VALUES('29ac940f-4516-45b3-b1ca-ee3fcff4c2f1','modesty');
INSERT INTO gloss VALUES('7e4b01bc-ec6a-48cc-b7d1-704b33bc3f38','humility');
INSERT INTO gloss VALUES('86631da1-e84a-4bc2-ab81-80f89a5177c2','frankness');
INSERT INTO gloss VALUES('7aea2836-44a9-4e31-8a2f-e852596fe3fb','honesty');
INSERT INTO JMdict VALUES('2839961','NULL','ほんのキムチ','0');
INSERT INTO pos VALUES('63fd56c4-ab1e-480f-b1c6-903769e97036','&n;');
INSERT INTO gloss VALUES('fac3c506-3c8d-490a-bec4-97ca0f5f736a','zero');
INSERT INTO gloss VALUES('15afe80b-f02a-4354-aa4f-8eca96a919bc','nought');
INSERT INTO JMdict VALUES('2839962','０','ゼロ','0');
INSERT INTO pos VALUES('3edb321e-38f1-4e8b-8b60-16e72f97eb3c','&n;');
INSERT INTO gloss VALUES('9860f4ce-ba45-4b0c-b102-bd55bbaa9f8f','both hands');
INSERT INTO JMdict VALUES('2839967','諸手','もろて','0');
INSERT INTO pos VALUES('08dec8cf-3d85-48d4-8439-4c0d76b92b06','&n;');
INSERT INTO gloss VALUES('13d6547e-b6d1-4d61-b0a3-4550fe504a65','Korean TV drama');
INSERT INTO JMdict VALUES('2839969','韓国ドラマ','かんこくドラマ','0');
INSERT INTO pos VALUES('b232fc31-3328-43d2-965e-4093798d4521','&n;');
INSERT INTO gloss VALUES('81b8eb34-afe3-496f-a8d2-e172d42b9b02','Korean TV drama');
INSERT INTO JMdict VALUES('2839970','韓ドラ','かんドラ','0');
INSERT INTO pos VALUES('9c86a4c6-428c-4f45-8e72-7384c4f09c55','&n;');
INSERT INTO gloss VALUES('b1778326-aa56-43a5-9484-b7b175fb5ec8','major label debut (recording)');
INSERT INTO JMdict_foreign VALUES('2839972', 'NULL','major debut','waseieigo');
INSERT INTO JMdict VALUES('2839972','NULL','メジャーデビュー','0');
INSERT INTO pos VALUES('ca867c8e-566e-4b18-a467-bfa488841d08','&n;');
INSERT INTO gloss VALUES('71bb887e-df95-47ad-a12b-6cf2402c6d26','solo debut');
INSERT INTO gloss VALUES('8ce3774c-735f-475b-a4ab-475e5aa0a134','debut as a solo artist');
INSERT INTO JMdict VALUES('2839973','NULL','ソロデビュー','0');
INSERT INTO pos VALUES('98cc909e-9f31-43d2-9e6f-ff9601e74818','&adj-i;');
INSERT INTO gloss VALUES('32809a6d-982b-4f5b-9ab1-6937eb18dcee','sexy');
INSERT INTO gloss VALUES('3695f6d6-5690-4984-ba69-394cdfa4ad31','erotic');
INSERT INTO gloss VALUES('0dd476c3-e619-4f55-9876-704181d549ed','arousing');
INSERT INTO JMdict VALUES('2839985','NULL','エロっぽい','0');
INSERT INTO pos VALUES('514de6ab-ac1b-4933-a655-7c998868cbc8','&adj-i;');
INSERT INTO gloss VALUES('b54a58a7-576a-40c0-9a81-7b73a919e40d','pinkish');
INSERT INTO JMdict VALUES('2839988','NULL','ピンクっぽい','0');
INSERT INTO pos_word VALUES('1000000','9bce8d58-dd6e-4c44-95ac-ee30e92a1b5e');
INSERT INTO gloss_word VALUES('1000000','1deea6f2-290b-4948-b93f-1dc18548dfae');
INSERT INTO pos_word VALUES('1000010','bcc90724-a3d9-4976-a957-a2e65a33c36b');
INSERT INTO gloss_word VALUES('1000010','4ad7c78d-0978-40ab-9429-a94392a3faec');
INSERT INTO pos_word VALUES('1000020','7ca25d5a-4688-4d51-bf47-1e7baf9f8200');
INSERT INTO gloss_word VALUES('1000020','90bebef8-d367-42c5-a5fc-3bc9ceb73557');
INSERT INTO pos_word VALUES('1000030','348f650c-2b41-4e15-9d96-321ecc35704c');
INSERT INTO gloss_word VALUES('1000030','6d25d0b0-a777-410c-8ae2-6b34302ac906');
INSERT INTO pos_word VALUES('1000040','62334d3a-5112-4a83-b0d6-106f36d12e82');
INSERT INTO gloss_word VALUES('1000040','3d09031d-a6b3-4128-b99a-c1e3f6bd858e');
INSERT INTO pos_word VALUES('1000050','f11d6570-3bc3-420a-9701-3088ba979c50');
INSERT INTO gloss_word VALUES('1000050','94b5700a-ec6d-4d1d-b4a0-cce7a87495d2');
INSERT INTO pos_word VALUES('1000060','efed4c05-0d1e-42c1-9536-e05f5c02cb9c');
INSERT INTO gloss_word VALUES('1000060','4e1af99e-299d-42bd-87be-cfaf815e1ed7');
INSERT INTO pos_word VALUES('1000080','518f2cf0-c7cf-4df6-94b2-6ba19bede237');
INSERT INTO gloss_word VALUES('1000080','cfb26532-375f-47aa-b342-5a8b33d76972');
INSERT INTO pos_word VALUES('1000090','d9368e6e-b1cf-41d3-ad1d-9c3d904e4e18');
INSERT INTO gloss_word VALUES('1000090','a01898cc-99b0-4ac3-9a1f-4c2127916f44');
INSERT INTO pos_word VALUES('1000100','ad2b5cd7-961c-4bbc-9709-429f9be03463');
INSERT INTO gloss_word VALUES('1000100','e541bc36-a9c1-4ad2-8ce5-eb4d3a8da540');
INSERT INTO pos_word VALUES('1000110','b40c7452-0f9b-43f2-b952-9940cfb09a3e');
INSERT INTO gloss_word VALUES('1000110','1288eb47-a06f-43cf-b0cf-38d6f73e9460');
INSERT INTO pos_word VALUES('1000130','5891798d-bfbb-4556-a87d-f7a49fc2ce35');
INSERT INTO gloss_word VALUES('1000130','22fec4fd-2eec-4936-967c-81bbdc084756');
INSERT INTO pos_word VALUES('1000140','c49b21d1-e53c-4401-a459-735330d113f8');
INSERT INTO gloss_word VALUES('1000140','8865cf91-7543-41e9-b182-8ba01aa1c78d');
INSERT INTO gloss_word VALUES('1000140','c4ea41a6-c2b5-4e44-af8b-1bca17fabc53');
INSERT INTO pos_word VALUES('1000150','abdd7b8d-9abb-4cd0-81f1-0f29773b243e');
INSERT INTO gloss_word VALUES('1000150','7a30b92d-4eec-4d21-8289-58810e5bb893');
INSERT INTO pos_word VALUES('1000160','fe484cab-1e1a-4e7a-bc67-c19e13d9b0d0');
INSERT INTO gloss_word VALUES('1000160','18ea0c09-ea42-4911-866a-fa600821c506');
INSERT INTO pos_word VALUES('1000170','4e599af6-c3c1-4c08-afd7-5a484e31f485');
INSERT INTO gloss_word VALUES('1000170','4cca2911-8f93-4228-be8c-fb181d2b8f21');
INSERT INTO gloss_word VALUES('1000170','2436002d-4949-4a60-920c-0b84386c9466');
INSERT INTO pos_word VALUES('1000200','a76f231e-d476-4783-a463-e459997d61c8');
INSERT INTO pos_word VALUES('1000200','ac849249-3eec-4b7d-8d73-c12d251f22f2');
INSERT INTO gloss_word VALUES('1000200','6feec81a-d5fe-4ded-8120-9ed919114416');
INSERT INTO gloss_word VALUES('1000200','647f871c-4ff0-4cb9-be20-c02338140d24');
INSERT INTO gloss_word VALUES('1000200','ab8cf881-70c7-4cd2-b005-3fda733f2d59');
INSERT INTO pos_word VALUES('1000210','645661b2-3f3d-4898-9b96-37c5e12fa41d');
INSERT INTO gloss_word VALUES('1000210','1a3c103f-9740-4cab-a942-6039c0009352');
INSERT INTO pos_word VALUES('1000220','92bb1cd7-a44e-45e3-9923-0e0408e00f40');
INSERT INTO gloss_word VALUES('1000220','f32299be-3d5f-4681-9b72-685f18c38f7e');
INSERT INTO gloss_word VALUES('1000220','4e5b6be2-7722-4bca-a7cd-e257c91c94f7');
INSERT INTO gloss_word VALUES('1000220','1a0229cf-0076-465d-a66a-380d25563ab8');
INSERT INTO gloss_word VALUES('1000220','06f4420f-dc04-47a1-98c0-f4fdae1f94db');
INSERT INTO gloss_word VALUES('1000220','ab215508-0ee6-40cc-8d81-4efa9da05848');
INSERT INTO gloss_word VALUES('1000220','74b5918a-017b-4355-b77a-60d49a266be1');
INSERT INTO gloss_word VALUES('1000220','38b20fe8-6255-4089-aa18-4d698763cc25');
INSERT INTO pos_word VALUES('1000225','3186147d-b203-4320-9138-788690d2f40f');
INSERT INTO pos_word VALUES('1000225','649b6971-fa7f-42e0-84e5-681bdb77d39d');
INSERT INTO gloss_word VALUES('2839960','f511c982-089d-4e85-8714-7d22878fb0e4');
INSERT INTO gloss_word VALUES('2839960','7d512aea-70ca-404b-bf5c-74d0420c5617');
INSERT INTO gloss_word VALUES('2839960','abc803f4-5393-495e-91d6-4451c542354a');
INSERT INTO gloss_word VALUES('2839960','85439a21-0da1-448d-83a4-18a83f2ec6fe');
INSERT INTO pos_word VALUES('2839961','8b4eb3d0-a9cb-4816-9fea-abe31cfed20f');
INSERT INTO pos_word VALUES('2839961','fe3ad592-6e5c-430a-9f04-7d598fb22ba3');
INSERT INTO gloss_word VALUES('2839961','29ac940f-4516-45b3-b1ca-ee3fcff4c2f1');
INSERT INTO gloss_word VALUES('2839961','7e4b01bc-ec6a-48cc-b7d1-704b33bc3f38');
INSERT INTO gloss_word VALUES('2839961','86631da1-e84a-4bc2-ab81-80f89a5177c2');
INSERT INTO gloss_word VALUES('2839961','7aea2836-44a9-4e31-8a2f-e852596fe3fb');
INSERT INTO pos_word VALUES('2839962','63fd56c4-ab1e-480f-b1c6-903769e97036');
INSERT INTO gloss_word VALUES('2839962','fac3c506-3c8d-490a-bec4-97ca0f5f736a');
INSERT INTO gloss_word VALUES('2839962','15afe80b-f02a-4354-aa4f-8eca96a919bc');
INSERT INTO pos_word VALUES('2839967','3edb321e-38f1-4e8b-8b60-16e72f97eb3c');
INSERT INTO gloss_word VALUES('2839967','9860f4ce-ba45-4b0c-b102-bd55bbaa9f8f');
INSERT INTO pos_word VALUES('2839969','08dec8cf-3d85-48d4-8439-4c0d76b92b06');
INSERT INTO gloss_word VALUES('2839969','13d6547e-b6d1-4d61-b0a3-4550fe504a65');
INSERT INTO pos_word VALUES('2839970','b232fc31-3328-43d2-965e-4093798d4521');
INSERT INTO gloss_word VALUES('2839970','81b8eb34-afe3-496f-a8d2-e172d42b9b02');
INSERT INTO pos_word VALUES('2839972','9c86a4c6-428c-4f45-8e72-7384c4f09c55');
INSERT INTO gloss_word VALUES('2839972','b1778326-aa56-43a5-9484-b7b175fb5ec8');
INSERT INTO pos_word VALUES('2839973','ca867c8e-566e-4b18-a467-bfa488841d08');
INSERT INTO gloss_word VALUES('2839973','71bb887e-df95-47ad-a12b-6cf2402c6d26');
INSERT INTO gloss_word VALUES('2839973','8ce3774c-735f-475b-a4ab-475e5aa0a134');
INSERT INTO pos_word VALUES('2839985','98cc909e-9f31-43d2-9e6f-ff9601e74818');
INSERT INTO gloss_word VALUES('2839985','32809a6d-982b-4f5b-9ab1-6937eb18dcee');
INSERT INTO gloss_word VALUES('2839985','3695f6d6-5690-4984-ba69-394cdfa4ad31');
INSERT INTO gloss_word VALUES('2839985','0dd476c3-e619-4f55-9876-704181d549ed');
INSERT INTO pos_word VALUES('2839988','514de6ab-ac1b-4933-a655-7c998868cbc8');
INSERT INTO gloss_word VALUES('2839988','b54a58a7-576a-40c0-9a81-7b73a919e40d');
INSERT IGNORE INTO list VALUES('JLPT N2','Vocabulary from www.jlptstudy.net by Peter van der Woude');
INSERT IGNORE INTO list_word VALUES('2394370','JLPT N2');
INSERT IGNORE INTO list_word VALUES('2085080','JLPT N2');
INSERT IGNORE INTO list_word VALUES('1150410','JLPT N2');
INSERT IGNORE INTO list_word VALUES('2691630','JLPT N2');
INSERT IGNORE INTO list_word VALUES('1151120','JLPT N2');
INSERT IGNORE INTO list_word VALUES('1150860','JLPT N2');
INSERT IGNORE INTO list_word VALUES('1284930','JLPT N2');
INSERT IGNORE INTO list_word VALUES('1013980','JLPT N2');
INSERT IGNORE INTO list_word VALUES('1150450','JLPT N2');
INSERT IGNORE INTO list_word VALUES('1215230','JLPT N2');
INSERT IGNORE INTO list_word VALUES('1401000','JLPT N2');
INSERT IGNORE INTO list_word VALUES('1014590','JLPT N2');
INSERT IGNORE INTO list_word VALUES('1284430','JLPT N2');
INSERT IGNORE INTO list_word VALUES('1198180','JLPT N2');
INSERT IGNORE INTO list_word VALUES('1014680','JLPT N2');
INSERT IGNORE INTO list_word VALUES('1381380','JLPT N2');
INSERT IGNORE INTO list_word VALUES('1381390','JLPT N2');
INSERT IGNORE INTO list_word VALUES('1609000','JLPT N2');
INSERT IGNORE INTO list_word VALUES('1381760','JLPT N2');
INSERT IGNORE INTO list_word VALUES('2013900','JLPT N2');
INSERT IGNORE INTO list_word VALUES('1383240','JLPT N2');
INSERT IGNORE INTO list_word VALUES('1586210','JLPT N2');
INSERT IGNORE INTO list VALUES('JLPT N4','Vocabulary from www.jlptstudy.net by Peter van der Woude');
INSERT IGNORE INTO list_word VALUES('2085080','JLPT N4');
INSERT IGNORE INTO list_word VALUES('1215230','JLPT N4');
INSERT IGNORE INTO list_word VALUES('1284430','JLPT N4');
INSERT IGNORE INTO list_word VALUES('1352290','JLPT N4');
INSERT IGNORE INTO list_word VALUES('1383310','JLPT N4');
INSERT IGNORE INTO list_word VALUES('1015220','JLPT N4');
INSERT IGNORE INTO list_word VALUES('1390800','JLPT N4');
INSERT IGNORE INTO list_word VALUES('1526960','JLPT N4');
INSERT IGNORE INTO list_word VALUES('1542070','JLPT N4');
INSERT IGNORE INTO list_word VALUES('1333560','JLPT N4');
INSERT IGNORE INTO list_word VALUES('1017330','JLPT N4');
INSERT IGNORE INTO list_word VALUES('1323010','JLPT N4');
INSERT IGNORE INTO list_word VALUES('1019280','JLPT N4');
INSERT IGNORE INTO list_word VALUES('1019420','JLPT N4');
INSERT IGNORE INTO list_word VALUES('1153890','JLPT N4');
INSERT IGNORE INTO list_word VALUES('1153930','JLPT N4');
INSERT IGNORE INTO list_word VALUES('1000590','JLPT N4');
INSERT IGNORE INTO list_word VALUES('1155060','JLPT N4');
INSERT IGNORE INTO list_word VALUES('1155090','JLPT N4');
INSERT IGNORE INTO list VALUES('JLPT N5','Vocabulary from www.jlptstudy.net by Peter van der Woude');
INSERT IGNORE INTO list_word VALUES('2085080','JLPT N5');
INSERT IGNORE INTO list_word VALUES('1198180','JLPT N5');
INSERT IGNORE INTO list_word VALUES('1381380','JLPT N5');
INSERT IGNORE INTO list_word VALUES('1381390','JLPT N5');
INSERT IGNORE INTO list_word VALUES('2013900','JLPT N5');
INSERT IGNORE INTO list_word VALUES('1383240','JLPT N5');
INSERT IGNORE INTO list_word VALUES('1532350','JLPT N5');
INSERT IGNORE INTO list_word VALUES('1332650','JLPT N5');
INSERT IGNORE INTO list_word VALUES('1586270','JLPT N5');
INSERT IGNORE INTO list_word VALUES('1202450','JLPT N5');
INSERT IGNORE INTO list VALUES('UVA JPN 1010','fake data for a real class');
INSERT IGNORE INTO list_word VALUES('1000110','UVA JPN 1010');
INSERT IGNORE INTO list_word VALUES('1000130','UVA JPN 1010');
INSERT IGNORE INTO list_word VALUES('1000100','UVA JPN 1010');
INSERT IGNORE INTO list VALUES('UVA JPN 1010','MORE fake data for a real class');
INSERT IGNORE INTO list_word VALUES('2839960','UVA JPN 2020');
INSERT IGNORE INTO list_word VALUES('2839938','UVA JPN 2020');
INSERT IGNORE INTO list VALUES('TESTTTTTT','MORE fake data for a real class');
INSERT IGNORE INTO list_word VALUES('2839960','TESTTTTTT');
INSERT IGNORE INTO list_word VALUES('2839938','TESTTTTTT');
INSERT IGNORE INTO list_word VALUES('1000110','TESTTTTTT');
INSERT IGNORE INTO list_word VALUES('1000130','TESTTTTTT');
INSERT IGNORE INTO list_word VALUES('1000100','TESTTTTTT');